scenario,f,demand_gbps,tput_gbps,oversub_ratio,mean_us,p99_us
clique,0.05,7300,0,1,0,0
scenario,f,demand_gbps,tput_gbps,oversub_ratio,mean_us,p99_us
clique,0.05,7300,0,1,0,0
scenario,f,demand_gbps,tput_gbps,oversub_ratio,mean_us,p99_us
clique,0.1,14600,0,1,0,0
scenario,f,demand_gbps,tput_gbps,oversub_ratio,mean_us,p99_us
clique,0.05,7300,0,1,0,0
scenario,f,demand_gbps,tput_gbps,oversub_ratio,mean_us,p99_us
clique,0.1,14600,0,1,0,0
scenario,f,demand_gbps,tput_gbps,oversub_ratio,mean_us,p99_us
clique,0.05,7300,0,1,0,0
scenario,f,demand_gbps,tput_gbps,oversub_ratio,mean_us,p99_us
clique,0.1,14600,0,1,0,0
scenario,f,demand_gbps,tput_gbps,oversub_ratio,mean_us,p99_us
clique,0.05,7300,0,1,0,0
scenario,f,demand_gbps,tput_gbps,oversub_ratio,mean_us,p99_us
clique,0.1,14600,0,1,0,0
scenario,f,demand_gbps,tput_gbps,oversub_ratio,mean_us,p99_us,cnp_sent,cnp_recv,ce_packets
clique,0.1,200,39.432,5.07202,1.739,1.768,0,0,0
scenario,f,demand_gbps,tput_gbps,oversub_ratio,mean_us,p99_us,cnp_sent,cnp_recv,ce_packets
clique,0.05,200,39.432,5.07202,1.739,1.768,0,0,0
scenario,f,demand_gbps,tput_gbps,oversub_ratio,mean_us,p99_us,cnp_sent,cnp_recv,ce_packets
clique,0.1,200,39.432,5.07202,1.739,1.768,0,0,0
scenario,f,demand_gbps,tput_gbps,oversub_ratio,mean_us,p99_us,cnp_sent,cnp_recv,ce_packets
clique,0.2,400,26.2226,15.254,1.549,1.768,0,0,0
scenario,f,demand_gbps,tput_gbps,oversub_ratio,mean_us,p99_us,cnp_sent,cnp_recv,ce_packets
clique,0.3,500,25.5381,19.5786,1.625,1.768,0,0,0
scenario,f,demand_gbps,tput_gbps,oversub_ratio,mean_us,p99_us,cnp_sent,cnp_recv,ce_packets
clique,0.4,700,25.025,27.9721,1.60329,1.768,0,0,0
scenario,f,demand_gbps,tput_gbps,oversub_ratio,mean_us,p99_us,cnp_sent,cnp_recv,ce_packets
clique,0.5,800,24.9627,32.0478,1.57614,1.768,0,0,0
scenario,f,demand_gbps,tput_gbps,oversub_ratio,mean_us,p99_us,cnp_sent,cnp_recv,ce_packets
clique,0.6,1000,24.7835,40.3494,1.57433,1.768,0,0,0
scenario,f,demand_gbps,tput_gbps,oversub_ratio,mean_us,p99_us,cnp_sent,cnp_recv,ce_packets
clique,0.7,1200,24.7171,48.5494,1.58355,1.768,0,0,0
scenario,f,demand_gbps,tput_gbps,oversub_ratio,mean_us,p99_us,cnp_sent,cnp_recv,ce_packets
clique,0.8,1300,24.6953,52.6416,1.59285,1.768,0,0,0
scenario,f,demand_gbps,tput_gbps,oversub_ratio,mean_us,p99_us,cnp_sent,cnp_recv,ce_packets
clique,0.9,1500,24.6645,60.8162,1.587,1.768,0,0,0
scenario,f,demand_gbps,tput_gbps,oversub_ratio,mean_us,p99_us,cnp_sent,cnp_recv,ce_packets
clique,1,1600,24.6534,64.8998,1.587,1.768,0,0,0
scenario,f,demand_gbps,tput_gbps,oversub_ratio,mean_us,p99_us,cnp_sent,cnp_recv,ce_packets
hubs,0.05,200,25.1113,7.96455,1.587,1.768,0,0,0
scenario,f,demand_gbps,tput_gbps,oversub_ratio,mean_us,p99_us,cnp_sent,cnp_recv,ce_packets
hubs,0.1,200,25.1113,7.96455,1.587,1.768,0,0,0
scenario,f,demand_gbps,tput_gbps,oversub_ratio,mean_us,p99_us,cnp_sent,cnp_recv,ce_packets
hubs,0.2,400,24.8408,16.1026,1.587,1.768,0,0,0
scenario,f,demand_gbps,tput_gbps,oversub_ratio,mean_us,p99_us,cnp_sent,cnp_recv,ce_packets
hubs,0.3,500,24.8254,20.1407,1.587,1.768,0,0,0
scenario,f,demand_gbps,tput_gbps,oversub_ratio,mean_us,p99_us,cnp_sent,cnp_recv,ce_packets
hubs,0.4,700,24.7266,28.3096,1.587,1.768,0,0,0
scenario,f,demand_gbps,tput_gbps,oversub_ratio,mean_us,p99_us,cnp_sent,cnp_recv,ce_packets
hubs,0.5,800,24.7077,32.3786,1.587,1.768,0,0,0
scenario,f,demand_gbps,tput_gbps,oversub_ratio,mean_us,p99_us,cnp_sent,cnp_recv,ce_packets
hubs,0.6,1000,24.6906,40.5012,1.587,1.768,0,0,0
scenario,f,demand_gbps,tput_gbps,oversub_ratio,mean_us,p99_us,cnp_sent,cnp_recv,ce_packets
hubs,0.7,1200,24.6636,48.6546,1.587,1.768,0,0,0
scenario,f,demand_gbps,tput_gbps,oversub_ratio,mean_us,p99_us,cnp_sent,cnp_recv,ce_packets
hubs,0.8,1300,24.6569,52.7237,1.587,1.768,0,0,0
scenario,f,demand_gbps,tput_gbps,oversub_ratio,mean_us,p99_us,cnp_sent,cnp_recv,ce_packets
hubs,0.9,1500,24.6523,60.8462,1.587,1.768,0,0,0
scenario,f,demand_gbps,tput_gbps,oversub_ratio,mean_us,p99_us,cnp_sent,cnp_recv,ce_packets
hubs,1,1600,24.6417,64.9307,1.587,1.768,0,0,0
scenario,f,demand_gbps,tput_gbps,oversub_ratio,mean_us,p99_us,cnp_sent,cnp_recv,ce_packets
matching,0.05,200,199.4,1.00301,1.739,1.768,0,0,0
scenario,f,demand_gbps,tput_gbps,oversub_ratio,mean_us,p99_us,cnp_sent,cnp_recv,ce_packets
matching,0.1,200,199.4,1.00301,1.739,1.768,0,0,0
scenario,f,demand_gbps,tput_gbps,oversub_ratio,mean_us,p99_us,cnp_sent,cnp_recv,ce_packets
matching,0.2,400,56.2863,7.10653,1.739,1.768,0,0,0
scenario,f,demand_gbps,tput_gbps,oversub_ratio,mean_us,p99_us,cnp_sent,cnp_recv,ce_packets
matching,0.3,400,56.2863,7.10653,1.739,1.768,0,0,0
scenario,f,demand_gbps,tput_gbps,oversub_ratio,mean_us,p99_us,cnp_sent,cnp_recv,ce_packets
matching,0.4,600,45.42,13.21,1.739,1.768,0,0,0
scenario,f,demand_gbps,tput_gbps,oversub_ratio,mean_us,p99_us,cnp_sent,cnp_recv,ce_packets
matching,0.5,800,42.441,18.8497,1.454,1.768,0,0,0
scenario,f,demand_gbps,tput_gbps,oversub_ratio,mean_us,p99_us,cnp_sent,cnp_recv,ce_packets
matching,0.6,1000,39.3436,25.4171,1.511,1.768,0,0,0
scenario,f,demand_gbps,tput_gbps,oversub_ratio,mean_us,p99_us,cnp_sent,cnp_recv,ce_packets
matching,0.7,1200,38.0704,31.5206,1.549,1.768,0,0,0
scenario,f,demand_gbps,tput_gbps,oversub_ratio,mean_us,p99_us,cnp_sent,cnp_recv,ce_packets
matching,0.8,1200,38.0704,31.5206,1.549,1.768,0,0,0
scenario,f,demand_gbps,tput_gbps,oversub_ratio,mean_us,p99_us,cnp_sent,cnp_recv,ce_packets
matching,0.9,1400,37.2102,37.6241,1.57614,1.768,0,0,0
scenario,f,demand_gbps,tput_gbps,oversub_ratio,mean_us,p99_us,cnp_sent,cnp_recv,ce_packets
matching,1,1600,36.5901,43.7276,1.5965,1.768,0,0,0
scenario,f,demand_gbps,tput_gbps,oversub_ratio,mean_us,p99_us,cnp_sent,cnp_recv,ce_packets
clique,0.05,200,39.432,5.07202,1.739,1.768,0,0,0
scenario,f,demand_gbps,tput_gbps,oversub_ratio,mean_us,p99_us,cnp_sent,cnp_recv,ce_packets
clique,0.1,200,39.432,5.07202,1.739,1.768,0,0,0
scenario,f,demand_gbps,tput_gbps,oversub_ratio,mean_us,p99_us,cnp_sent,cnp_recv,ce_packets
clique,0.2,400,26.2226,15.254,1.549,1.768,0,0,0
scenario,f,demand_gbps,tput_gbps,oversub_ratio,mean_us,p99_us,cnp_sent,cnp_recv,ce_packets
clique,0.3,500,25.5381,19.5786,1.625,1.768,0,0,0
scenario,f,demand_gbps,tput_gbps,oversub_ratio,mean_us,p99_us,cnp_sent,cnp_recv,ce_packets
clique,0.4,700,25.025,27.9721,1.60329,1.768,0,0,0
scenario,f,demand_gbps,tput_gbps,oversub_ratio,mean_us,p99_us,cnp_sent,cnp_recv,ce_packets
clique,0.5,800,24.9627,32.0478,1.57614,1.768,0,0,0
scenario,f,demand_gbps,tput_gbps,oversub_ratio,mean_us,p99_us,cnp_sent,cnp_recv,ce_packets
clique,0.6,1000,24.7835,40.3494,1.57433,1.768,0,0,0
scenario,f,demand_gbps,tput_gbps,oversub_ratio,mean_us,p99_us,cnp_sent,cnp_recv,ce_packets
clique,0.7,1200,24.7171,48.5494,1.58355,1.768,0,0,0
scenario,f,demand_gbps,tput_gbps,oversub_ratio,mean_us,p99_us,cnp_sent,cnp_recv,ce_packets
clique,0.05,700,25.025,27.9721,1.60329,1.768,0,0,0
scenario,f,demand_gbps,tput_gbps,oversub_ratio,mean_us,p99_us,cnp_sent,cnp_recv,ce_packets
clique,0.1,1300,24.6953,52.6416,1.62208,1.768,0,0,0
scenario,f,demand_gbps,tput_gbps,oversub_ratio,mean_us,p99_us,cnp_sent,cnp_recv,ce_packets
clique,0.2,2600,24.6045,105.672,1.63377,1.768,0,0,0
scenario,f,demand_gbps,tput_gbps,oversub_ratio,mean_us,p99_us,cnp_sent,cnp_recv,ce_packets
clique,0.3,3900,24.5885,158.611,1.65208,1.768,0,0,0
scenario,f,demand_gbps,tput_gbps,oversub_ratio,mean_us,p99_us,cnp_sent,cnp_recv,ce_packets
clique,0.4,5200,24.583,211.528,1.66033,1.768,0,0,0
scenario,f,demand_gbps,tput_gbps,oversub_ratio,mean_us,p99_us,cnp_sent,cnp_recv,ce_packets
clique,0.5,6400,24.5806,260.368,1.66068,1.768,0,0,0
scenario,f,demand_gbps,tput_gbps,oversub_ratio,mean_us,p99_us,cnp_sent,cnp_recv,ce_packets
clique,0.05,700,206.989,3.38182,114.093,203.86,218,117,11136
scenario,f,demand_gbps,tput_gbps,oversub_ratio,mean_us,p99_us,cnp_sent,cnp_recv,ce_packets
clique,0.1,1300,235.237,5.52635,78.6685,164.565,1054,873,29115
scenario,f,demand_gbps,tput_gbps,oversub_ratio,mean_us,p99_us,cnp_sent,cnp_recv,ce_packets
clique,0.2,2600,433.414,5.99888,53.1726,157.4,5486,5243,81248
scenario,f,demand_gbps,tput_gbps,oversub_ratio,mean_us,p99_us,cnp_sent,cnp_recv,ce_packets
clique,0.3,3900,516.197,7.55526,46.17,150.766,14203,13878,158691
scenario,f,demand_gbps,tput_gbps,oversub_ratio,mean_us,p99_us,cnp_sent,cnp_recv,ce_packets
clique,0.4,5200,540.166,9.62668,44.2503,144.632,27588,27209,260413
scenario,f,demand_gbps,tput_gbps,oversub_ratio,mean_us,p99_us,cnp_sent,cnp_recv,ce_packets
clique,0.5,6400,525.19,12.1861,69.9956,145.91,64044,63048,495518
scenario,f,demand_gbps,tput_gbps,oversub_ratio,mean_us,p99_us,cnp_sent,cnp_recv,ce_packets
clique,0.6,7700,525.085,14.6643,70.7892,146.555,109843,108239,719857
scenario,f,demand_gbps,tput_gbps,oversub_ratio,mean_us,p99_us,cnp_sent,cnp_recv,ce_packets
clique,0.7,9000,513.352,17.5318,97.7795,146.354,206135,203452,1138928
scenario,f,demand_gbps,tput_gbps,oversub_ratio,mean_us,p99_us,cnp_sent,cnp_recv,ce_packets
clique,0.8,10300,538.048,19.1433,113.07,142.155,431894,425753,1929875
scenario,f,demand_gbps,tput_gbps,oversub_ratio,mean_us,p99_us,cnp_sent,cnp_recv,ce_packets
clique,0.9,11600,639.126,18.1498,123.372,141.105,770721,755560,3347772
scenario,f,demand_gbps,tput_gbps,oversub_ratio,mean_us,p99_us,cnp_sent,cnp_recv,ce_packets
clique,1,12800,728.819,17.5627,125.337,141.736,962421,941709,3972465
scenario,f,demand_gbps,tput_gbps,oversub_ratio,mean_us,p99_us,cnp_sent,cnp_recv,ce_packets
hubs,0.05,700,549.315,1.27431,184.126,301.893,28382,27310,400300
scenario,f,demand_gbps,tput_gbps,oversub_ratio,mean_us,p99_us,cnp_sent,cnp_recv,ce_packets
hubs,0.1,1300,638.128,2.03721,67.9309,164.076,12203,12011,294763
scenario,f,demand_gbps,tput_gbps,oversub_ratio,mean_us,p99_us,cnp_sent,cnp_recv,ce_packets
hubs,0.2,2600,618.047,4.2068,50.4931,156.5,28962,28709,408130
scenario,f,demand_gbps,tput_gbps,oversub_ratio,mean_us,p99_us,cnp_sent,cnp_recv,ce_packets
hubs,0.3,3900,600.617,6.49332,45.0925,150.177,48075,47748,525986
scenario,f,demand_gbps,tput_gbps,oversub_ratio,mean_us,p99_us,cnp_sent,cnp_recv,ce_packets
hubs,0.4,5200,585.068,8.88785,46.0158,144.199,69126,68752,645283
scenario,f,demand_gbps,tput_gbps,oversub_ratio,mean_us,p99_us,cnp_sent,cnp_recv,ce_packets
hubs,0.5,6400,557.756,11.4746,70.2122,146.99,138767,137488,1035876
scenario,f,demand_gbps,tput_gbps,oversub_ratio,mean_us,p99_us,cnp_sent,cnp_recv,ce_packets
hubs,0.6,7700,541.114,14.2299,71.7792,148.38,184899,183391,1199062
scenario,f,demand_gbps,tput_gbps,oversub_ratio,mean_us,p99_us,cnp_sent,cnp_recv,ce_packets
hubs,0.7,9000,593.102,15.1745,98.931,148.665,296958,293715,1626051
scenario,f,demand_gbps,tput_gbps,oversub_ratio,mean_us,p99_us,cnp_sent,cnp_recv,ce_packets
hubs,0.8,10300,662.954,15.5365,114.067,146.879,524652,516535,2367374
scenario,f,demand_gbps,tput_gbps,oversub_ratio,mean_us,p99_us,cnp_sent,cnp_recv,ce_packets
hubs,0.9,11600,699.528,16.5826,123.884,149.076,846307,829869,3662567
scenario,f,demand_gbps,tput_gbps,oversub_ratio,mean_us,p99_us,cnp_sent,cnp_recv,ce_packets
hubs,1,12800,723.537,17.6909,126.205,148.634,961200,941451,3958627
scenario,f,demand_gbps,tput_gbps,oversub_ratio,mean_us,p99_us,cnp_sent,cnp_recv,ce_packets
matching,0.05,600,517.38,1.15969,4.79678,7.741,0,0,0
scenario,f,demand_gbps,tput_gbps,oversub_ratio,mean_us,p99_us,cnp_sent,cnp_recv,ce_packets
matching,0.1,1200,893.443,1.34312,4.87719,7.852,0,0,0
scenario,f,demand_gbps,tput_gbps,oversub_ratio,mean_us,p99_us,cnp_sent,cnp_recv,ce_packets
matching,0.2,2600,1468.83,1.77012,4.83738,7.917,0,0,0
scenario,f,demand_gbps,tput_gbps,oversub_ratio,mean_us,p99_us,cnp_sent,cnp_recv,ce_packets
matching,0.3,3800,1778.56,2.13656,4.88892,7.951,0,0,0
scenario,f,demand_gbps,tput_gbps,oversub_ratio,mean_us,p99_us,cnp_sent,cnp_recv,ce_packets
matching,0.4,5200,2027.8,2.56435,4.88706,7.95,0,0,0
scenario,f,demand_gbps,tput_gbps,oversub_ratio,mean_us,p99_us,cnp_sent,cnp_recv,ce_packets
matching,0.5,6400,2183.24,2.93142,4.90609,7.995,0,0,0
scenario,f,demand_gbps,tput_gbps,oversub_ratio,mean_us,p99_us,cnp_sent,cnp_recv,ce_packets
matching,0.6,7600,2305.27,3.29679,4.91196,8.024,0,0,0
scenario,f,demand_gbps,tput_gbps,oversub_ratio,mean_us,p99_us,cnp_sent,cnp_recv,ce_packets
matching,0.7,9000,2417.22,3.72329,4.98408,10.402,0,0,0
scenario,f,demand_gbps,tput_gbps,oversub_ratio,mean_us,p99_us,cnp_sent,cnp_recv,ce_packets
matching,0.8,10200,2493.95,4.0899,4.9823,10.108,0,0,0
scenario,f,demand_gbps,tput_gbps,oversub_ratio,mean_us,p99_us,cnp_sent,cnp_recv,ce_packets
matching,0.9,11600,2567.64,4.51776,4.98435,9.956,0,0,0
scenario,f,demand_gbps,tput_gbps,oversub_ratio,mean_us,p99_us,cnp_sent,cnp_recv,ce_packets
matching,1,12800,2621.07,4.8835,4.98602,9.804,0,0,0
scenario,f,demand_gbps,tput_gbps,oversub_ratio,mean_us,p99_us,cnp_sent,cnp_recv,ce_packets
clique,0.05,700,201.24,3.47843,40.6287,79.801,0,0,0
scenario,f,demand_gbps,tput_gbps,oversub_ratio,mean_us,p99_us,cnp_sent,cnp_recv,ce_packets
clique,0.1,1300,203.638,6.38389,79.2799,162.698,67,65,2377
scenario,f,demand_gbps,tput_gbps,oversub_ratio,mean_us,p99_us,cnp_sent,cnp_recv,ce_packets
clique,0.2,2600,151.158,17.2006,97.3931,162.083,445,443,23440
scenario,f,demand_gbps,tput_gbps,oversub_ratio,mean_us,p99_us,cnp_sent,cnp_recv,ce_packets
clique,0.3,3900,133.49,29.2156,107.787,161.223,1177,1175,65440
scenario,f,demand_gbps,tput_gbps,oversub_ratio,mean_us,p99_us,cnp_sent,cnp_recv,ce_packets
clique,0.4,5200,124.282,41.8403,114.027,160.363,2242,2240,127631
scenario,f,demand_gbps,tput_gbps,oversub_ratio,mean_us,p99_us,cnp_sent,cnp_recv,ce_packets
clique,0.5,6400,119.079,53.7456,117.946,159.548,3526,3523,202410
scenario,f,demand_gbps,tput_gbps,oversub_ratio,mean_us,p99_us,cnp_sent,cnp_recv,ce_packets
clique,0.6,7700,115.281,66.7934,121.034,158.688,5247,5245,303490
scenario,f,demand_gbps,tput_gbps,oversub_ratio,mean_us,p99_us,cnp_sent,cnp_recv,ce_packets
clique,0.7,9000,112.538,79.9727,123.34,157.828,7298,7296,424126
scenario,f,demand_gbps,tput_gbps,oversub_ratio,mean_us,p99_us,cnp_sent,cnp_recv,ce_packets
clique,0.8,10300,116.206,88.6354,125.036,156.923,9685,9680,563898
